{
  "obs_low1": 0.25831326635113067,
  "pred_low1": 0.24425704039066404,
  "bias_low1": -0.014056225960466604,
  "obs_low2": 0.5022613413047691,
  "pred_low2": 0.4706298007619176,
  "bias_low2": -0.03163154054285142
}