{
  "obs_low1": 0.25831326635113067,
  "pred_low1": 0.26741685235570906,
  "bias_low1": 0.009103586004578347,
  "obs_low2": 0.5022613413047691,
  "pred_low2": 0.5149855524880226,
  "bias_low2": 0.012724211183253507
}